name,seqres,seqlen
T1178.pdb,GSNTTIESIGNNNQQWPIPLTGVPVGDFYVYGRMTTLHMGGQSGIQATTLVNGMIYRTDHPEPSTSPVSNWEFTVLENNTIVGAGMGCVWFQKSEVLVWTLDGQKLSGWNTLDGVGTTQLTVAWRQHNRTIYGWANVVAWNSEEWHTNAERLHQPTLRLTYWLVKINVSSEPEDFDVVQKFPLAYLEDYTTAQSKSAIQKLNFQTFQKPEGGGTLRAQYSTVPRQGDFAVIWQIGRHNFDMSTGKGTPVESLSDYVMPQQKDARIGMWYRALTSVGPRSDMLTLHFHFPTVEKDLVEQIIDQIQHR,306
T1177.pdb,RKYDLYLTAKNTARSVEDTISELEDIDGIKNFELATGQYVSIRVSENKINKSKEDLIRKYYQKYKIGDSYEYDFSNNELIFPGDFAVKNKINNLVQGSFNKERAIEENGVILVRKSAIEENGKKGVVELTNYKVGDTVNCEYLDENALSKKVKVKILAITDEERLGLGYQNMGLQFITYDEVAKNLNLKLSKSLIFIDSGGSIKTKKEIEALANKNNFNFYDE,223
T1124.pdb,MVTPEGNVSLVDESLLVGVTDEDRAVRSAHQFYERLIGLWAPAVMEAAHELGVFAALAEAPADSGELARRLDCDARAMRVLLDALYAYDVIDRIHDTNGFRYLLSAEARECLLPGTLFSLVGKFMHDINVAWPAWRNLAEVVRHGARDTSGAESPNGIAQEDYESLVGGINFWAPPIVTTLSRKLRASGRSGDATASVLDVGCGTGLYSQLLLREFPRWTATGLDVERIATLANAQALRLGVEERFATRAGDFWRGGWGTGYDLVLFANIFHLQTPASAVRLMRHAAACLAPDGLVAVVDQIVDADREPKTPQDRFALLFAASMTNTGGGDAYTFQEYEEWFTAAGLQRIETLDTPMHRILLARRATEPSAVPEGQASENLYFQ,384
T1157s1.pdb,DRVRALRRETVEMFYYGFDNYMKVAFPEDELRPVSCTPLTRDLKNPRNFELNDVLGNYSLTLIDSLSTLAILASAPAEDSGTGPKALRDFQDGVAALVEQYGDGRPGPSGVGRRARGFDLDSKVQVFETVIRGVGGLLSAHLFAIGALPITGYQPLRQEDDLFNPPPIPWPNGFTYDGQLLRLALDLAQRLLPAFYTKTGLPYPRVNLRHGIPFYVNSPLHEDPPAKGTTEGPPEITETCSAGAGSLVLEFTVLSRLTGDPRFEQAAKRAFWAVWYRKSQIGLIGAGVDAEQGHWIGTYSVIGAGADSFFEYALKSHILLSGHALPNQTHPSPLHKDVNWMDPNTLFEPLSDAENSAESFLEAWHHAHAAIKRHLYSEREHPHYDNVNLWTGSLVSHWVDSLGAYYSGLLVLAGEVDEAIETNLLYAAIWTRYAALPERWSLREKTVEGGLGWWPLRPEFIESTYHLYRATKDPWYLYVGEMVLRDITRRCWTPCGWAGLQNVLSGEKSDRMESFFLGETTKYMYLLFDDDHPLNKLDASFVFTTEGHPLILPKPKSARRSRNSPRSSQKALTVYQGEGFTNSCPPRPSITPLSGSVIAARDDIYHPARMVDLHLLTTSKHALDGGQMSGQHMAKSNYTLYPWTLPPELLPSNGTCAKVYQPHEVTLEFASNTQQVLGGSAFNFMLSGQNLERLSTDRIRVLSLSGLKITLQLVEEGEREWRVTKLNGIPLGRDEYVVINRAILGDVSDPRFNLVRDPVIAKLQQLHQVNLLDDTTTEEHPDNLDTLDTASAIDLPQDQSSDSEVPDPANLSALLPDLSSFVKSLFARLSNLTSPSPDPSSNLPLNVVINQTAILPTGIGAAPLPPAASNSPSGAPIPVFGPVPESLFPWKTIYAAGEACAGPLPDSAPRENQVILIRRGGCSFSDKLANIPAFTPSEESLQLVVVVSDDEHEGQSGLVRPLLDEIQHTPGGMPRRHPIAMVMVGGGETVYQQLSVASAIGIQRRYYIESSGVKVKNIIVDDGDGGVDG,1029
T1110.pdb,GSHMAQPRPPFHITIPIYPGVDLLDVAAPVELFSWMADAWKARATTITLAAEHLTPLKTRDGLTLTPQRQFADYADAAAPQPQTHLLWVPGGAPDVLRKLMRGGPYLDFLKAQSAGADHVSSVCEGALLLAAAGLLDGYRATTHWAFIPCLQQFPAIKVAEGFPRYVIDGNRITGGGISSGLDEALAIVARVAGQDIAKHVQMITQYFPDPPFEQTIVPATHCPLQA,227
T1137s1.pdb,MTEPPAPTAPLNKPKTPPYKLAGLILGLVGVLVLALTWMQFRGQFEDKVQLTVLSGRAGLSMDPGSKVTFNGVPIGRLASIDVVEVDDNPEARLTLDVDPKYLDLIPENANVELRATTVFGNKYISFLSPKNPSAERLSASTPIRAQGVTTEFNTLFETITAISEQVDPIKLNETLTAAAQALDGLGDKFGRSIVDGNAILADVNPRMPQIRRDITGLANLGEVYADASPDLFDGLDNAVTTARTLNEQRGNLDQALVAAVGFGNTGGDIFERGGPYLVRGAQDLLPTSALLDEYSPALFCTIRNYHDAAPKLAGALGGNGYSLLTNSLVVGVGNPYVYPDNLPRVNAKGGPEGRPGCWQPITRDLWPFPYLVMDTGASIAPYNHFELGQPMFAEYVWGRQVGENTINP,409
T1170.pdb,VERTLRPQYFKEYIGQDKVKDQLKIFIEAAKLRDEALDHTLLFGPPGLGKTTMAFVIANEMGVNLKQTSGPAIEKAGDLVAILNDLEPGDILFIDEIHRMPMAVEEVLYSAMEDYYIDIMIGAGETSRSVHLDLPPFTLVGATTRAGMLSNPLRARFGINGHMEYYELPDLTEIVERTSEIFEMTITPEAALELARRSRGTPRIANRLLKRVRDYAQIMGDGVIDDKIADQALTMLDVDHEGLDYVDQKILRTMIEMYGGGPVGLGTLSVNIAEERETVEDMYEPYLIQKGFIMRTRTGRVATAKAYEHMGYDYTRDN,318
T1153.pdb,RPSVEAFGGTRDGRPVLRLATWNLQGCSVEKANNPGVREVVCMTLLENSIKLLAVQELLDREALEKFCTELNQPTLPNIRKWKGPRGCWKAVVAEKPSNQLQKGAGYAGFLWDAAAGMELRDAGSQESSPSNGHGKLAGPSPYLGRFKVGSHDLTLVNLHLAALTLLGSENPSKNHSDGHRLASFAQTLQETLKGEKDVIILGDFGQGPDSNDYDILRKEKFHHLIPAHTFTNISTKNPQGSKSLDNIWISKSLKKVFTGHWAVVREGLTNPWIPDNWSWGGVASEHCPVLAEFYTEKD,299
T1187.pdb,MGQGQWIAARDLSITWVDNPQYWTWKTVDPNIEVAELRRVAWLDIYGKIETKNLIRKTSYAVYLVFKLTDNPRELERATASLRFVNEVAEGAGIEGTTVFISKKKKLPGELGRFPHLRSDGWLEIKLGEFFNNLGEDGEVEMRLMEINDKTWKSGIIVKGFDIRPN,166
T1152.pdb,MYTVKPGDTMWKIAVKYQIGISEIIAANPQIKNPNLIYPGQKINIPNILEHHHHHH,56
T1194.pdb,ASAAAAGFVETAGNACEWTPGRYELSETEGRVRIPNGLYVKKEETSKIARGSCTFALTLKAPAGKKIVVRDSQQLISLRAYPQQTRVKAEVEIFKAGSQGAKQTLEIVAAEKAEKTTQYVGQKDVLLETACGGSDILRGNLSATIIGEGKGRAFAKNVTLDIQEVDCN,168
T1145.pdb,ATSSGSEAYFDNSKYGWKDVYVYAYGTKENAEWPGELMTKEDSGLYKASFASSFKSEKIIFNNGLEKGNGKEQYPEAAGLSLKAGECKMLTAEKQWIDYGKPDDHAYGYTLTANNTAFSTESLDVKLALKNADKGYYSVDGSAKKEFANGDSVKVGEGKIGNSKVTLTLYATGADGVETEQTYTFKKTFTASKTTFSAKSDGHTTAPESGYYGTNPEMQLGKHKTISVDGDLSDWDSSMIIAQGVANDDPRVYMPSSMHEQPWDAYALYSAWDDDNLYFLLEMANTTYITSPEDNFAASNEARPWRNSIPMYLALSIDPAKQATGKAVGTNKDGSVYTNPFVWGCTNGTAKDGGTGFTTHIDTLVAFDSNNSNGGASIFKADTQDTDGTYMFNYDTRIPIGVTSFQAQDNKNGFKIKYANGTKSTSIFGINAPKGSRVMGDNLDMNSNWVDFFDEGYKNSYGYVYEIAVPLNTLGIDRSYIETQGIGAMQILTYGTSGMDTLPHDPSMLDQANLEYSYDPSTSHEKEDIDNITVPLARIGALLPDTEVNEAPFEVNFGANLNSGQSAGTPITLLAESYHATGDVTYSFTVNGETVQNSNTDSCVWTPSADGTYSIGVVAVDANGNKAESTKTFVV,635
T1123.pdb,MHHHHHHHHHHSETTYTGPRSIVTPETPIGPSSYPMTPSSLVLMAGYFSGPEISDNFGKYMPLLFQQNTSKVTFRSGSHTIKIVSMVLVDRLMWLDKHFNQYTNEPDGVFGDVGNVFVDNDNVAKVITMSGSSAPANRGATLMLCRATKNIQTFNFAATVYIPAYKVKDGAGGKDVVLNVAQWEANKTLTYPAIPKDTYFMVVTMGGASFTIQRYVVYNEGIGDGLELPAFWGKYLSQLYGFSWSSPTYACVTWEPIYAEEGIPHR,266
T1174.pdb,SALHVERTQDADTTVQVRNTHDTGTAAGARFIASNEKSGIWFGISGTSNTNTGLGSPGDAYIYNAAGTATGKNLNVINNQTGNIHFFAGSTATGTPRMTITNTGLVGINTAAPLQKLHVENGNMVITGTAPAYQLKENDTTDQNWQMGINNGNLRFATQNDALNSSSDKVVISQAGNVGIGATAPTAKLEVAGTIHSTSGGIKFPDGSVQTTAASGAATWTSLGLTSLGAVSMTTTTEQSFTLPVAAQTASQILVYLRCHSGNASTTGADDIRIYTKEGAATYDHYLLMFPYAGQGAVGYNSDSFWLPKTSDNKIYLAHSMAPGSANSGCNFYITGYK,338
T1106s2.pdb,MNITLTKRQQEFLLLNGWLQLQCGHAERACILLDALLTLNPEHLAGRRCRLVALLNNNQGERAEKEAQWLISHDPLQAGNWLCLSRAQQLNGDLDKARHAYQHYLELKDHNESP,114
T1106s1.pdb,MSRIITAPHIGIEKLSAISLEELSCGLPDRYALPPDGHPVEPHLERLYPTAQSKRSLWDFASPGYTFHGLHRAQDYRRELDTLQSLLTTSQSSELQAAAALLKCQQDDDRLLQIILNLLHKV,122
T1137s9.pdb,MSTVQVLRSRFPRAFSRSSEIAATPARFLDSMGHVAWFVVQAIVHVPHAFRHYRRESLRLVAEIGMGTGAMAVIGGTVAIIGFVTLSAGSLIAIQGFASLGNIGVEAFTGFFAALANIRVVAPVVTGQALAATVGAGATAELGAMRISEEVDALEVMGIKSISYLVSTRIMAGAIVIIPLYAMAILLSFMSAQLVTTIFYSQSVGTYEHYFHTFLRVDDVMWSFLEVIIMSVIVMLNHCYFGYFASGGAVGVGEAVGRSMRTSLIAIVLVVLLASLALYGTDPNFNLTV,289
T1132.pdb,SGGGMTYHVLVQFDVPSDKREAFAAAGLFDANGSLQNEPGTLRFEVIRDENNRNRFYLDEVYEDEAAFLQHCRNETIARFYELIDSYAFGPLFLFKGYRVEG,102
T1139.pdb,MGSSHHHHHHSSGLVPRGSHMIPSNVLRDAVKNGDYITVKVALNSNEEYNLDQEDSSGMTLVMLAAAGGQDDLLHLLIHKGAKVNGRQKNGTTALIHAAEKNFLTTVAILLEAGAFVNVQQSNGETALMKACKRGNSDIVRLVIECGADCNILSKHQNSALHFAKQSNNVLVYDLLKNHLETLSRVAEETIKDYFEARLALLEPVFPIACHRLCEGPDFSTDFNYKPPQNIPEGSGILLFIFHANFLGKEVIARLCGPCSVQAVVLNDKFQLPVFLDSHFVYSFSPVAGPNKLFIRLTEAPSAKVKLLIGAYRVQLQ,317
T1131.pdb,FVPEEQYNKDFNFLYDYAVIHNLVMDGFSEEDGQYNWDFAKNPDSSRSDESIAYVKELQKLKREDAINFGANAWVLNHNIGFDYKTLKNHQFNLTDANENHSFVVEYWNLKNDETGRHTFWDSVIGEKYGEYLYNADEDTRINGKLKTPYAWVKQILYGIEDAGAPGFSSISA,173
T1157s2.pdb,SDVIQLKKDTFDDFIKSNDLVLAEFFAPWCGHCKALAPEYEEAATNLKDKNIKLVKVDCTEETELCQEHGVEGYPTLKVFRGLDNVTPYKGQRKAAAITSYMIKQSLPAVSDVTKDTLEEFKKADKVVLVAYVDASDKASAEVFKKVAEKLRDNYPFGSSSDAELAEAEGVKAPAIVLYKDFDEGKAVFTEKFDEEAIQKWAKVAATPLIGEIGPETYGEYMAAGIPLAYIFAETPEERKELSEKLKPIAEATRGKINFGTIDAKAYGAHAGNLNLKTDKFPAFAIQETTKNQKFPYDQDKEITHDSIKQFVDDYLAGKIEPSIKSEPIPEKQEGPVTVVVAKTYNDIVLDDTKDVLIEFYAPWCGHCKALAPKYEELGRLYSNSEFKDRVVIAKIDATANDVPDDIMGFPTIKMYPAGAKDKPVTYSGNRSVEDMIKFVAENGKYKALISENEEENATAASSSSETSATPTSTAASEETAASETASAEEGKETA,495
T1182.pdb,MKMSNFLLLGLMLLPGLAEAQTASKAWRITKPSWTAADEQRFGEFVTQLGNAVERRECATVDECLRSPANPYAGTDPADLRLFADCADLPYYLRSYFAWKNGLPMSLVSSVNTLPGSENKDPRYSKFGNAVGGRYDIIPSRTSNPNAVQLLNRTIVDMTYSATFRMMGDKDAARFTDFYPVKLNREGIRPGTVIYDPAGHVAIIHRVTDDGRIFYIDSHPDNTLTSGMYTPKFTRSFPGHGAGFKNFRPLALQGASRKANGEYYGGKIVGALNTQLANFSVEQFYGNSPDPAGEWNKGKFLHRGVQYPYYDYLRIAMASGDLKIDPLQDMRQMVADICVNLKDRVVAVDMAIKAGVDRKPHPERLPTNIFGTTGEWEDYASPSRDARLKVGFMDILNQARTLVQRQRSGDPAIVYSGANIAEDLLATYEREARFCQFTYRNSAGGSVTLNLEEARQRVFDISFDPYHCVELRWGAKSPQELATCMDDENKRLWYDRERWLRNQWERRYDARMDYSLDELTGPKPGAGIAQPPDVDIIRLLNSLR,544
T1173.pdb,NASINFVATEAHTASAGGAKIIFNTTNNGATGSTEKVVIDQNGNVGVGVGAPTAKMDVNGGIKQPNYGIISAVRNSGGVTASMPWTNAYVLAHQGEMHQWVAGGPILQDSVTGCNAGPDAGVKFDSIATSWGGPYKVIFHTTGSNGAIHLEWSGWQVSLKNSAGTELAIGMGQVFATLHYDPAVSNWRVEHMFGRINNTNFTCW,204
T1180.pdb,MRPKICVPIVAPLRDGIIRETKQIAKLPVEMVEWRIDFFAGYGREILDVITELKRVLNEKELLVTIRTVAEGGEENGSRFDYFETIRKILEQQTADYVDVEAARDEEEVKALCQKYSNSKTKVIGSYHDFSKTPSADEIKERLCKAKECGCYAGKLACMPKTREDVDTLLNATAAMKEEFPDFPLITMSMGELGKVSRLYGGLYGSFVSFGCVSEASAPGQVYYETMCEVFDKIYKGNRHIILIGFMGVGKSTISHELSRLASRIEIDTDQWIEEKEGRAISDIFAKEGETYFRDLETSMIDELGMIKPAIISCGGGMALRELNVRKLQAIGTVVLLTAKPETIFERVRYNTNRPLLKDNMNVDYIRQMMEKRRVYYEHAATVTVSTDGKIITEIAKEILEKCF,404
T1137s8.pdb,MTASTDGFVDYLRGQLEKPLATVGGFFKMSVMTGKALFTRPFQWKEFVLQSWFLIRVAFLPTLAVSIPLTVLIIFTLNILLAEFGAADVSGAGAALGAVTQLGPLVTVLVVAGAGSTAICADLGARTVREEIDALEVLGIDPIERLVVPRVVASTFVAFMLNGAVITIGLVGGFFFGVYIQNVSAGAYVSTLTLLTGFPEVLISVVKATLFGMIAGLVGCYRGLTVAGGSKGVGTAVNETLVLCVVALFAVNVVLTTIGVRFGTGR,266
T1137s7.pdb,MGVQIDVTGLSKSFGSSKIWEDVTMSIPAGEVSVLLGPSGTGKSVFLKSLIGLLRPERGSIVIDGTDILQCSAKELYEIRTLFGVLFQDGALFGSMNIYDNTAFPLREHTKKSESEIRKIVMEKLDLVGMPNDGHKFPGEISGGMRKRAGLARALVLDPEIILCDEPDSGLDPVRTAYLSQLLIDINAQIDATVLIVTHNINIARTVPDNMGMLFRKQLVMFGPREVLLTSEEPVVKQFLNGRRIGPIGMSEEKDEATAAAEQALVDAGQHDGGVEEIEGVPPQLQATPGMPERKAVARRKARVREILHTLPPAAQAAILEELDRDQPQLSAPTTQTAATAPVENYDDSPTGVIEVPKQAGLSGQPPRSPSSGSSSNSLEVLFQGPTAAAAVSKGEELFTGVVPILVELDGDVNGHKFSVSGEGEGDATYGKLTLKFICTTGKLPVPWPTLVTTLTYGVQCFSRYPDHMKQHDFFKSAMPEGYVQERTIFFKDDGNYKTRAEVKFEGDTLVNRIELKGIDFKEDGNILGHKLEYNYNSHNVYIMADKQKNGIKVNFKIRHNIEDGSVQLADHYQQNTPIGDGPVLLPDNHYLSTQSALSKDPNEKRDHMVLLEFVTAAGITLGMDELYKGGGGENLYFQDYKDDDDKHHHHHH,653
T1147.pdb,GPLGSDDPEPFDPKVVTYEIFGTPGAVVDINYLDLDARTQRVNDVTLPWSITLSTTAPSALAHIVAQGNADHIGCRIIVDGELRVESVSTGVNAQTYCIEKSA,103
T1109.pdb,GSHMAQPRPPFHITIPIYPGVDLLDVAAPVELFSWMADAWKARATTITLAAEHLTPLKTRDGLTLTPQRQFADYADAAAPQPQTHLLWVPGGAPDVLRKLMRGGPYLDFLKAQSAGADHVSSVCEGALLLAAAGLLDGYRATTHWAFIPCLQQFPAIKVAEGFPRYVIDGNRITGGGISSGLAEALAIVARVAGQDIAKHVQMITQYFPDPPFEQTIVPATHCPLQA,227
T1162.pdb,SAATTPIVAEDATTACLPTMNMLRVLNLRDQALDALQPETGGASEDEEREEQGEHTKSKTTAEIAKELAGTKAETCEKGATADAKTHTGLVIPFEYSTVFDCGSLIQGHFAAGLSHMQESNFDPATGAYDTGKAPFDNLSASNVANIMWSKSTKASCAVTKNCQAGHNVLYCRLVEPITSQDKPFTTELYEALLQR,196
T1137s4.pdb,MSTIFNIRNIQLPRLSRAAVIIGALVVAAALVAGYFGMNAYRKLTNTTVTAYFPEVLALYPGDKVLIMGVRVGSIDSIETAGDKMKVVFHFNNKYKVPENATASILNPSLVASRVIQLSPPYTGGPTLRDGAVLDVDRTQVPIEYDEVRNQVTRLLADLGPTPEQPKGPFGDIIESFADGFAGKGEQLNRTLRGLSDALTALNEGRGDFFAVVKSLALFVNALHRSDQQFVALNNDLAQFTNSFTNTDQELANALQDLNRVLKTTREFLDRNGGVLTHDIDNLEQVTTAILQPEPRDGLETGLHAYPNLAANVLNINSPNQGGIIGLPVLPGVTNFSNPLQFVCSSIQAGSRLGYQESAELCAQYLAPIMDAIKFNYLPFGMNLASTAMTLPKQIAYSEKRLQPPPGYKDTTVPGIWSRDTLFSHGNHEPGWIVAPGMQGVQVQPATANMLTPESLAELLGGPDIVPPPAPPAFGTTRGGNLPGPPNAFDENNPLPPPWYPQPGPPPAPAPGVIPGDPLSAVAPAAPAAPAAPAPAGPPLPAEAGAG,547
T1183.pdb,MKILSIDTSFSFINFSVIEEEKVTFLHYLKSNKKTLELLPKIFEELCIRPENFDAFAVSVGVGYLTSLRIGVTFVKTWAYTLGKPVVSYKNLELLAKKTPVPFPKIPYLKVGSNVFYQIFEESSSSEVKVFKGEELRGYGISLKEFEDIKLGEKQFFHDIFPFSAYGGIYAYEFLKENPEGENVFEIEPIYVKPPYHVKD,200
T1104.pdb,QLEDSEVEAVAKGLEEMYANGVTEDNFKNYVKNNFAQQEISSVEEELNVNISDSCVANKIKDEFFAMISISAIVKAAQKKAWKELAVTVLRFAKANGLKTNAIIVAGQLALWAVQCG,117
T1134s2.pdb,MAKSHHHHHHTSTKAERWQARKDLIAKGSNSLYPDAQIAAKRLAANNIAVEKAKLAENVYKTVNPLEATPGVPEGWKDISNDAGALKKYGLDKEVLFDHADTPDFLARVYQPDSAVFGSDMNPTIVFRGSRQPEFFPTKNMADWINNGAQGLGMESDYYKRAVRLGSRLAKSVSKIDIAGHSLGGGLASATSIASGQAGWTFNAAGLHSTTVEKYGGSLLGEADNIQAYRVEGELLTKIQEVNLAEDYKMLKGHIPTLIAKEEISAIMPNAAGVVHDLPGGTGGPLDRHGIGQAIDCIEQQKDEDISIIRSRA,313
T1169.pdb,MLRIKEVKKYNNRLGFPAGKEVRIRPLLEAGGFARGPIYVKYGRELSKHDPSSRSMAWNATVFDTALNHPTRPWTVTVVGGKKMVLGVRKEGLGFSEDDPPRSLNVKGGDDMADENYGGGNSTIVLVKSGGKDFAIGLDDLKELNSFGIGAGNGKLSLALGNPVNVLTGVVLPVEQRDGSVAYVAVNSDTKSVIYKVDAKGLQKNQKIDVNVRASAEKILLTKNNELLHISPQGLNVYSVQGSASTFKYFCPYFSSFGGWSRRFVDTVTLMDEGGNQEALIGTGPKGIEYMPVDEKCKNYVVEGVQDAKHAVVAPGATKEGNDIKVLGVYNGELCLLTLEVVDAVEPKLDQGSPAKPSAERVKATKSSKVTVRSGALSKPVSWLRDSLDEASFKNIVDKLSGKIRFSFPLVDLQGRMGLPIKLVVYYDESDGEDMSVLGRHWTLGRDCIVLDHGNTVFEDKQDYYLVKDQMKIRLERDWTKPSANGKVLFNMVGNKDATFEYTAREEKWEVSDGKIRYVYGMNNQGVVSVPGWADWYGPSANYDSKKIHSVQWNLVEISSVAHRDVKLKYTYTPLDPSTHTMHLLSITDDSNKTTIKFSYKTIEGLGKQVSSGLVKEHKFINNKLLEKVEIDSPSTAQVLKLTSTKIDSLYYLESIKQDDDPDPVLGFEYNKDDKLKPRVQQIRLPSKSVVDFKYTKQAIATQQFEQEIAKMADLYTGNEYSLEIEKTVGETDLYVRLKDSAGKNDFIKNQSIRIESYRGFKIKSYSPFMMHSYIAILVRYAEEKEKLHNKIYILNKGEDDSWKLDTTNNNSRVSEDKKFKYDFQEDSFVYYHSKKVHFEYKKSGTKVWSYTSKDIGDVDAFTLMNRGAVYCKNDLVLIRWDALGKLQQETLSDAKSKPSISDVDTFFEYIDVQGTFPEDEAEAKKEVDDYKRDLKESLSDYGLILYNNVVALRTIKLSFTGRITVKVLLYLLKHDYTVSSRSSIELQGGDLAKFNLTLDVFDEHKTKNTNDLDKYRFEFKKQGSKFKLTYIEATDKDNKPTKPSSQNEKLIGQYERRMKIPLDFEKYMMQVNQEGIIVNDHQIIHDNGNFIAKQLDRDTLKLTKFKIPLGAFSNFKKDSDGDEIKLCTKTEQERTESCVSLQTNSARNVSIKYPYYLVTQKKNDIKVLPLKINSRGWEDSVDYRGEILHGSSSHAAMVTTRMSDQKTIVRPLKALNKINKIYAQVISEEKLTTPYDSYVIKYEYEDPVVSMNQVAFKTTIVVPGGGKSATGYYRETNDLQDNQQIVQVMTADNQVFDPEYVKRMNEMQQEEDKQRDGAQLDAEQTITDKSGYHPILKTTPYSANQELVQFLGFEDYEDMTGWTVNKRPIQESNIRRNEFSATGRNFLLLKKGEELIAEFPNTAYYDNFIASTWIRTAQEATVGSTTDMLLLYVDNKPMKGTIKQSIDEWIYVEADSREIVVSESTTVKRVLFKIIVKSTGADDVHVDHVRLSPVNFNFEGSVYDARIGQRTATIQTNGFVSRRLYDAYNRRIAEVDETGNIKYLASYSKRVGNTKDEKKREGGYSSRIQMRAKHSWVESFSPYTMEKRWQIGGTATVEPNQAILQGQIISKEKFSSESICIRLVYSMSGSSQLSLTIGKTTVVVKPNAVQYKGHTATTPSNAELVIFATPKLTSIWVDGHLRIEAPETHAKFNNEAVSLQTSGPVGIKDVIVMEDAEIQVSYLNRDSKPLQEILLLDSSNVLIRQMMYDVIGRRVAETVWVQKSLIDGRSTAFKAFQYHDDFVSNDNPTDRNYFLNTGPMQGYVATATNTIYEGYPYSQTVYYNNPLEIRHKVGHPGVKNSIKGAFVHQYAIASDLAFIQRNYPKNEGYRQEEEKSPNGKKHVVVYNRRNKKVAEYTQVKDYNNILTTYIYDQHGNQIQMLPPSYYHEKSRSGDYQPEKQVVASPWAVTSKYDSTGEFITSKETPDGGRVEFIYNEYNQLRYQIHYKEDKQADKIVYFLYNIFGRMCEAGQVPANPTTLQQVRETTKSHQAIPNRDQAVYFDYGETESEPSLRGRIQRTVKKNKEVLFSEVMFFDEESNIIRKSYISPTTNETLSLVYLQENDKVSGIQYPFGVDGKQLILKYKHNLRGEIVEVARVEQKTSGQTEFIPIAGIDHDAEGKVTKISHNYGDSKFDQTYKYVAPGYLVEIANNFLTEKLYYTEKGYGCEPTGDGSILRTEFKASWHDKCDQNLIPLTARAFVSGGIDFTTAETCFDALLNLGYIDTTGRPVKTFYPDLETGLPMKCATPSNWRYISEKMLEQGYPEHYGHAYDYGSHGELIAAKSFVGKEKDSLTAPLSKASFANAGMKSHELDRFWDSLSRSINKVEGTKAIFEGTQQLTTGLVGSVIHKPKLESLLEGKGGDSSICTPWSSGDRTEEAKCKREYQQAFDKLKLKQVIQSLQEPVRKNVLRILKNTLASMLGNSPGDVESFSIDPNGNHGVFYTGFKRFELKYKHQKNQIATIKEGTKQQEKMIVHDDEGNVIKALHKKIDKIEYDPLTQRVSRIEMSDRSRTLEFGYDFRGERTFKRVRNKDNDIISVNYYVRDNKGNVLVEYKQEYPNPKDTNKPINTVTAYIHGPLGLLGFFRNNKYYNVLLDHEGSTRLVIHQGKVVAAYDYLPYGQMIRKYGSNPEAHIAFRYTGQEFDEETGLYNYHARLYDPDIGRFFQMDPMEQYASPYKYAGNSPVSQIDPDGQIAVTLVLMIIGAIVGAYLGAASANNSWNPAKWAWGDKKTWIGLFAGAIMGAFAVYGGAATFSYFTAMFGGSMIAGALATGVISVAGAFLGAAAASNQWNPAKWDWTSPAVWNGLLSGASIAVSFPSGFVGITRSFMSISSNLVKMIYASLMVGGFLLFVYLGGGMANNFNFQISQWDWKSPRTWFGMIEGASTIFMGTAGTAKHGAAKVYNVVKPNGLKMIWHKVNIPSKAFTMRRVKDTIILTWYKNGQSISKQILKTTVKADLAKIPKDFIMIHRGFFMPYQRIGYAAIAMPSMAGLMFKKNQYFFTNHPNGTLTKHVRKKRSAPMSSSAASPSVSNFLNDFFENMSELFDSFFSQTEHSHQDSQSSLSIGASYGRPSNESYHKSFQKLCYSPDSDGNQIICPQRESTVNIFSKGETFAPEAFGQDLFSRCLPLTWHDRPSIACDGEQTTFIYTPNQNIRVFDMVDGWLMLARIAPAALRNLKAGFSFLRDVVFSDEREQTVQVNDLSRCKQDLEVELLDLKRVMLKKQPNEVKWAQPILNDLEDDIGEFLSERKPSEKEFELLQERLSALREEIMENSSVATELNLSTLIGDMLKKMDGVNVGLNGDVRDMISTLSGMVPFSSSNLLA,3364
T1159.pdb,MNLTEKGTKTAKLSASDRIIYADNHLIHGPDDITAYMKGVCYDAAAYMRYLYNAKISFDQLTSISAQNWLPVFKFAEGRMWDGRNSLPGGKAIGFCRVKGMEFFHAAVAVGGTEIRAINGGLLGAGWLHPVDLRKVLTQKNPDGSFKYDGTDIFVYISNL,160
T1175.pdb,KENKLYQEKVNIDKLDIAVDNINVTIKKSSSEDVRVTTRGNNEFYKYNVTLKDKTLVVKGERKYENKIKKIKNFDQLLNTSINSMFSHDYREIIIYVPNNVDINASSISSHLFVYDNVASNTITYKTSYGGFSRAITENKVNRLENLNLISNNNLHLSTKSILGVKNVNIESESLYISSENEDVFINNIEEYIPENVNIKEKIGRNSNYESEFYLYSDMPIAKFLDIEVPNSKVRLDIPVNKYKFNCDIKSKEAIEEFNNDEEYDNDSYDYEHNEEHSNKYRNTREIKGLLNKNLSNLEKEYTIKINSNSLE,312
T1151s2.pdb,MRYAFAAEATTCNAFWRNVDMTVTALYEVPLGVCTQDPDRWTTTPDDEAKTLCRACPRRWLCARDAVESAGAEGLWAGVVIPESGRARAFALGQLRSLAERNGYPVRDHRVSAQSA,116
T1114s3.pdb,MTELDLFVSPLGRVEGDLDVRVTINDGVVTSAWTEAAMFRGFEIILRGKDPQAGLIVCPRICGICGGSHLYKSAYALDTAWRTHMPPNATLIRNICQACETLQSIPRYFYALFAIDLTNKNYAKSKLYDEAVRRFAPYVGTSYQPGVVLSAKPVEVYAIFGGQWPHSSFMVPGGVMSAPTLSDVTRAIAILEHWNDNWLEKQWLGCSVDRWLENKTWNDVLAWVDENESQYNSDCGFFIRYCLDVGLDKYGQGVGNYLATGTYFEPSLYENPTIEGRNAALIGRSGVFADGRYFEFDQANVTEDVTHSFYEGNRPLHPFEGETIPVNPEDGRRQGKYSWAKSPRYAVPGLGNVPLETGPLARRMAASAPDAETHQDDDPLFADIYNAIGPSVMVRQLARMHEGPKYYKWVRQWLDDLELKESFYTKPVEYAEGKGFGSTEAARGALSDWIVIEDSKIKNYQVVTPTAWNIGPRDASEVLGPIEQALVGSPIVDAEDPVELGHVARSFDSCLVCTVHAYDGKTGKELNRFVINGMV,535
T1127.pdb,GPLGSMFSRIRLATPTDVPFIHKLIHQMAVFERLTHLFVATESGLASTLFNSRPFQAVTVFLLEISPSPFPTTHDASSPDFTPFLETHKVDLPIEDPDREKFLPDKLNDVVVAGFVLFFPNYPSFLAKQGFYIEDIFMREPYRRKGFGKLLLTAVAKQAVKLGVGRVEWIVIDWNVNAINFYEQMGAQVFKEWRLCRLTGDALQAIDKLNI,211
T1129s2.pdb,MSFFAGKLNNKSILSLRRGSGGDTNQHINPDSQTIFHSDMSHVIITETHSTGLRLDQGAGDYYWSEMPSRVTQLHNNDPNRVVLTEIEFSDGSRHMLSGMSMGVGAKAYGIINPQIMSQGGLKTQITASADLSLDVGYFNTGTSGTIPQKLRDGTGCQHMFGAFSGRRGFASSAMYLGGAALYKSAWSGSGYVVADAGTLTIPSDYVRHPGARNFGFNAIYVRGRSCNRVLYGMEGPNYTTGGAVQGASSSGALNFTYNPSNPESPKYSVGFARADPTNYAYWESMGDPNDSANGPIGIYSEHLGIYPSKITWYVTNLVYNGSGYNIDGGLFNGNDIKLSPREFIIKGVNVNNTSWKFINFIEKNFNVGNRADFRDVGCNLSKDSPSTGISGIATFGLPTTESNNAPSIKGGNVGGLHANVVSIYNFLPSASWYVSSNPPKIGNNYGDVWSENLLPLRLLGGSGSTILSGNIVFQGNGSVHVGTVGLDLNSSRNGAIVCTMEFIDDTWLSAGGIGCFNPTEMLSQGAEYGDSRFRIGGNTINKKLHQILSLPAGEYVPFFTIKGTVVNACKLQAAAYNPTPYWVSGLPGSVGQTGYYTLTYYMRNDGNNNISIWLDSSMSNIIGMKACLPNIKLIIQRLT,640
T1121.pdb,MKSPTDIGRNLARQWQRSSVRLERLLNPGSWPQSLNIGKPSARLFTDNIQAVLRHVENWRSVNVGKVDWEPVSYRAGLAPISLPMRWHLRSPSEWIAASDDPRVSQEYAQLEYLVEQVDSAFHTLLVAQRSLWLTRTPEEVVATAQLATQLAPGCAQGRPLRLLAEHGVDTKFFERNATLLTKLLDERFEGAASEQGLTTFLDAFEESSHWVLVVPLQPGLLPFKRLRLTTSELAETPLPGSRLLVVENEQCVHLLPETLPDTLAVLGAGLDLHWLASAHLAGKQIGYWGDMDTWGLLMLARARLHQPAVEALLMEQELFEQHSQGNTVVEPAKALESAPPGLLADEADFYRYLLVQERGRLEQEYLPKAQVELAIRKWAR,381
T1158.pdb,MQPVYPEVKPNPLRNANLCSRIFFWWLNPLFKIGHKRRLEEDDMYSVLPEDRSQHLGEELQGYWDQEVLRAEKDAREPSLTKAIIKCYWKSYVVLGIFTLIEESTRVVQPIILGKIIGYFENYDPSDSAALYEAHGYAGVLSACTLVLAILHHLYFYHVQCAGMRLRVAMCHMIYRKALRLSNSAMGKTTTGQIVNLLSNDVNKFDQVTIFLHFLWAGPLQAIVVTALLWMEIGISCLAGMAVLIILLPLQSCIGKLFSSLRSKTAAFTDTRIRTMNEVITGIRIIKMYAWEKSFADLITNLRRKEISKILRSSYLRGMNLASFFVASKIIVFVTFTTYVFLGNVITASRVFVAVSLYGAVRLTVTLFFPSAVEKVSEAFVSIRRIKNFLLLDEITQLHSQLPSDGKMIVNVQDFTAFWDKASDTPTLQSLSFTVRPGELLAVVGPVGAGKSSLLSAVLGELPPNQGQVSVHGRIAYVSQQPWVFSGTVRSNILFGKKYEKERYEKVIKACALKKDLQLLEDGDLTMIGDRGTTLSGGQKARVNLARAVYQDADIYLLDDPLSAVDAEVSRHLFELCICQALHEKIRILVTHQLQYLKAASQILILKDGQMVQKGTYTEFLKSGIDFGSLLKKENEEAEPSPVPGSPTLRNRTFSESSVWSQQSSRPSLKEATPEGQDTENIQVTLTEESRSEGKVGFKAYKNYFTAGAHWFIIIFLILVNLAAQVSYILQDWWLSYWANQQSALNVTVNGQGNVTEKLDLNWYLGIYSGLTASTVLFGIVRSLLVFFVLVSSSQTLHNQMFESILRAPVLFFDRNPIGRILNRFSKDIGHMDDLLPLTYLDFIQTFLQVIGVVGVAVAVIPWIAIPLVPLGIVFFVLRRYFLETSRDVKRLESTTRSPVFSHLSSSLQGLWTIRAYKAEQRFQELFDSHQDLHSEAWFLFLTTSRWFAVRLDAICAVFVIVVAFGSLILAKTLDAGQVGLALSYALTLMGMFQWCVRQSAEVENMMISVERVIEYTDLEKEAPWEYQKRPLPSWPHEGVIIFDNVNFSYSLDGPLVLKHLTALIKSKEKVGIVGRTGAGKSSLIAALFRLSEPEGKIWIDKILTTEIGLHDLRKKMSIIPQEPVLFTGTMRKNLDPFNEHSDEELWNALEEVQLKEAIEDLPGKMDTELAESGSNFSVGQRQLVCLARAILRKNRILIIDEATANVDPRTDELIQKKIREKFAHCTVLTIAHRLNTIIDSDKIMVLDSGRLKEYDEPYVLLQNRDSLFYKMVQQLGKAEAAALTETAKQVYFKRNYPDITHNGHVVMNASSGQPSAFTIFETALGLVPRGSHHHHHHHH,1340
T1130.pdb,VGPYIGSGSNPDYTVHEVENLEYDPARFRCIDTLHHVCNSRELDIDECARNGILNWRKNPEGSNDEDYVNEYFELFRSNLVADSILLPDEFCYKESREYMSDQPQNRDTEVRRNRFNTSCKELLRSFKELELSDLSNPLRRQQSLQNIAIYAFYQTTVSDYPLDGCASKYMTHISEKIQVSAQMIRPINFCIDKFPVQ,198
T1114s2.pdb,MSAWSHPQFEKGGGSGGGSGGSAWSHPQFEKSGGGGGENLYFQGSGGASVLWFQGGACSGNTMSFLNADEPNVVDLIVDFGLDLLWHPSLGLELGNNAQKVFWDCAKGERPLDIFVFEGTVIEAPNGTGQMDMFAGRPMKDWVTDLAGAAQIVVAIGDCACFGGIPAMEPNPSGSTGLQFHKREKGGFLGPDFRSKMGLPVINVPGCPAHPDWITQILVALATGRAGDITLDDLHRPETFFKTFTQTGCTRVQFFEYKQSTLSFGEGTRTGCLFYEFGCRGPMTHSPCNRILWNRQSSKTRAGMPCLGCTEPEFPHFDLAPGTVFKTQKVSGMIPKEVPEGTDHLTYMGLAAAARIAAPQWSKEDMFVV,369
T1184.pdb,MRSLKLIIINALTLIIGLGLMSGSVSQRSAEAARFETIPSLQVNKLGNYRGQYLTVLYAVGSRPFISTENSSISISQVKEARTVYISADSMSLPSVQVEKEGFRPSYNIVVFVVSPQANYSWVNADGSVPQGMTATGNRLSSLINAINKTDVDGFISAQGETGTLQINLVK,171
T1155.pdb,MGYSDEDREADNLRIAEIIKNAQDDDSKINSTQELLDIYRRLYPSLTPEERESIDKFVNEHTDAIIIDGVPIQGGRKARIVGKIVSPGVKGLATGFFEELGSKLAQLFAGENLYFQ,116
T1137s2.pdb,MSIKGTLFKLGIFSLVLLTFTALIFVVFGQIRFNRTTEYSAIFKNVSGLRDGQFVRAAGVEVGKVKSVDLINGGEQAEVKFTVERSLPLFQETTAAIRYQDLIGNRYLELKRGDSDQILPPGSTIPVERTEPALDLDALVGGFRPLFRSLEPEKVNTIATSLITIFQGQGGTINDILDQTAQLTASLADRDQAIGEVIKNLNTVLDTTVRHQKQFDETLVNFETLITGLKNRADPIATSVADISDAAGSLADLLSDNRPLLKDTIGYLDVIQAPLVEQKQEVSDILVQMPQALKIIGRAGGIYGDFFNFYACDLTLKLNGLQPGGPVRTVRITTQPSGRCTPK,343
T1163.pdb,SAPPPSTVAAASIDCTTAMNGIRAEVGLAPLQLGTTEQSKLPLKAEESPNLAFSTAVCTAARAGTLPSTASTSLDGNFAISIQKGSNGDCATAVKHWREGFDLFKGLPPPYSAEAPVYKTSQAQSFVALFAPHEAGKVDCAFFICPESTDSGTKQEEIKALLCVTSPKSLKDGVAPFEQKQWDKIAAGLVG,191
T1137s3.pdb,MRTLQGSDRFRKGLMGVIVVALIIGVGSTLTSVPMLFAVPTYYGQFADTGGLNIGDKVRIAGMDVGNVKSMEIDGDKVVIGYTLGGRTIGTESRAAIRTDTILGRKNIEIEPRGSETLKPRGVLPVGQTSAPYQIYDAFLDVTRNAAGWDTQAVRQSLNVLSETVDQTSPHLSAALDGVARFSETIGKRDEDVKKLLASANKVATVLGDRSTQVNQLLVNAQTLLAAVNERGRSVSLLLERVSSVSRQVEGFVDENPNLNHVLEQLRTVSDVLNERKQDLADILTVAGKFITSLAEALASGPYFKVMLVNLIPPTILQPFVDAAFKKRGIDPEEFWRNAGLPAFRFPDPNGERHENGAPPAAPTPLEGTPEHPGPAVPPGSPCSYTPPADGIPSPGNPLPCAHLSQGPYGPVPGGYPPPNVATSAPNPDGIAHSPGVPSAAIPGQMPPEQPGAPVEIAPGPPGARTVPVSPIPGAPDFTPGIAPPPPAITGPPPPPGPGPQLAPVGEAPLPGNPPFLPPGSQSR,524
T1134s1.pdb,MDLKPDNYFSGQQLTLARAIENGEVDEVIKLASGTDLNKPGKEDMTLLFWAVMNSINNQKTPERLNVITMLIKAGADPLQPRPQGKNSPAEFVLMADNADWIKAMLNAGLSPNAVDKTFGKPIIFQTLEAKNTKTLQAMLDKGADINITDSLGNTLLIDALDFHSYDHVLLLLERGADPEIKADNGWTMGNQLQRFLDRAKVGSDEYKKLNEIKDVLIQHGGKWPPTPVK,230
T1137s5.pdb,MRLLKGFPKMRNWTRVGRRTAVLAAVALVLTSCGQWRGIANVPLPGGPGTESGSMTLYVQMPETLALNANSRVRVRDVFVGRVRKIELINWVPTLTVDVEPGIKLPKNTLAKIGQTSLLGSQHVELNPPEDPSSELLRDGDTIPLAQSSAYPTIERTLAGISGILTGGGIPNIEVIQTEVFNILNGRADQIREFLNQLDTFTDELNQQREEITRAIDSTNRLLNIVSQRNDTLDRVLTEFPPLIQHFAETRDLFADAVTALGRLSAAADETLSGSNANLHTNLQNLQRPLKQLGRAAPYLVGALKLILTVPFNIDNIPKAIRGDYINVSLKLDLTLSSVDNAFLSGTGVSGMLRALEQAWGRDPATMIPDVRFTPNPHDAPGGPLVERGE,390
T1160.pdb,GPMPGKKVVARVAEARAEDVGKRVVRVDKAERAKVGVKVGDVVEVKKV,48
T1176.pdb,ADKILDLSFKKIETDLSSKITYEDTGVKIETDSSKSDKERYLYIYQNIKENWSMYNNFYIEIQNKNKSSQKINLSIQSKNMFEFRLKEGSEVFLEGKNIIYSDKIKEGCIEVPGEFEGKIYVNFNSLINEESNVVLDSNMLSNIVSWGITFIPSDEEHNIVIIKKISLLS,170
T1119.pdb,GSSMGSDEQRRELEEKIKWKLAELASKSEEERKEIKLRVIAYVLVQLEDLQKNLSDEQRRELEEKIKWKLAELASKSEEERKEIKLRVIAYVLVQLEDLQKNLSDEQRRELEEKIKWKLAELASKSEEERKEIKLRVIAYVLVQLEDLQKNLS,153
T1137s6.pdb,MLLTRFIKMQLVIFLTLTLVALVVLALFYLRLPTWAGLGMYKLNADLPNSGGLYATANVTYRGTTIGKVTSVEPSESGARVEMNIYDRYKIPADATANVHSVSAVGEQFIDLTSDSGGGAYFQPGDTITKATVPAEVGPALDAAEKGLAVLPKEKIGTLLDEAATAFGGLGPSLQRLVDSTQAIAGDFRANIDPVNDIIENSGPIIDSQVNSGDAIQRWAANLNTLAAQSAQNDEALRSGLQQAAPTADQLNAVFSDVRESLPQTLANLEIVIDMLKRYNKNVEQVLVALPQGAAVAQTGTIFAPEGLLHFGLGINAPPPCLTGFLPASQWRSPADTRTEPLPSGLYCKIPKDAPNAVRGARNYPCADVPGKRAATPRECRSDEPYQPLGTNPWYGDPDQIRNCPAPGARCDQPVDPGRVIPAPSINNGLNPLPASQLPPPEVSSGPSSDPLTAPRGGTVTCSGQQPNPCIYTPAAGATATYNPASGEVVGPGGVKYSVTNSNTPGDDGWKEMLAPAS,518
T1179.pdb,MGDAYVYRGPCQEAADPLHAARYAAWSVVDVHTNHTSPPRWSGVVPDGQTSAWSACTLELPGAFYQGAQEIDPVAAADGTFAVNHWNTTNQKLTRLGTAYGCNQHRARTTGAEFRVISVTSVLWRAEISTGWNYDRFLAKLWNGTILAEPTTSHQDSGIPLTRGGLNWVRSENTVYAYRNQITAGKWYVTFWMTYDPDEWVWLDQFKLQFALHPANWSDPIAPRWDITEDSLGTGLWSLQDLTFYPVGHQPAAAELALVPR,261
T1113.pdb,MTAVNYPFVDTMDKFDKITKGLIFEHQAEGESETMISHELSILDNDGVVHSLHFSQITSLIDTITGKHPSLELPPQLFLITQYLLEDLKEVGEKGFVITEYFIDVLPTGNKAIFRGTLAHKSTVDGHPDFDPSSTISKKEFEFSLNQFSILQQIALSHCIANLHEECAGFRGTFDVEYTFHWTPFAFNVKFSE,193
T1125.pdb,MDLERYAIVVSAAVEADELVLDLDKSTLEELEAKLNQELAGTDQVGEQAGKELAEGLERGAVEGLDVRQVLAKLKAALKGEVRELATEEVKALRAAIQHALGVELDDNAKRQLAESAKLLDRIIESATRNQSLTVKLRFDADRSALLTAERLADAYLNRIREALKQDKSSPLYQAFSALAKGTGEKLSPDEAKFRAGLFADVRDRFLALLKQDLQSYIADQLKRGHAVGDIKLPDTQAILSEAGLPTLKQALLLSRAVDLDANNRAKLAKDLGQFMPEVAQVLKAPEKGASWEEINAVVREAKKAIHDAEEARRVALSLRSVTKEGNKPFAQQTGRFHTIELQEEGSPDEFQELLRLQASTQGHVDETTLARLVVQKRATKAILKKLLETADRPEEQAVWRAAIERLVIGNTAYDLKDDESFAKLIELAKKHPLEKVVKNVREVQFSEKVTLSDKYAFVPASNQGRIFLSHLRRENIYRTPTQRPLSLKVAEEGEGVRLKEMEEKALGDGALGILRPQSLGLPEDYTGVVQVRGELADPEGNVYAGLKGTVIVDPRAKEDFLNLNDLYRGDTVVDGKKYTKEEVDALIREKLKTGALQLNLGIHRVSTVEEAKVGKQVFLRHMGGVPFNRGRISPSEAAKWAAQAKELKFLPMIAGREMGLSHYQQIATLAKTFGVEVDEGQYSMAASHTAYKELDPEIYRLLEEGVELDAEGRPIVPIVIGKEMAAKLGLKEGDIAFTFRNPVMGHGGALLQARVAAIRDRLNAVVVNQEYAKSTGVDFDGDTLVVLPKGLPVDPHRLEVFQTLMAHAGLAGGRKGGGSVEPSPGELRFKEQLEVYDKVLARLSKSRLAAELRNAGVEDLSNPFEVVRQLESLGEEELLKAFKGYLRKGFAKELGLDLKSEEDRARLNQYLFEGFLDYRKQFQDPRRVYKKLPLMPSAALAASLLQVEAHKKEYDPSDPVALAAGQLTTSFLGLSEKLAQDLETSIDFPKLAEAIRAYNQAYSSGNEEQVAKARAELVKVLNDPTVQKFSLSNLLYQIITDRKKRDYSLRVRTESGKTYEYRNLYAVLNRLMQNLPVEEVADTVYDASGQAVEERVPLKQSATRSLVKGLLDLASGKVKEDPDGTVAEDLADLPVFGELEQLYGLVADAKYDPSSLKSALVKPNKPQGSYAEITTLLYRGIANQEGLAETNLPRDEVAR,1200
T1120.pdb,GAMGMKNAPLTLNFGSVRLPVSADGLLHAPTAQQQLGLTQSWEAALVEHGLPETYRDFGAGPEAAVSVPDFVALAFALDTPEARRWQKRARELLARAMQGDVRVAAQIAERNPEPDARRWLAARLESTGARRELLATVARHGGEGRVYGQLGSISNRTVLGKDSASVRQERGVKATRDGLTSAELLRLAYIDTVTARAIQESEARGNAAILTLHEQVARSERQSWERAGQVQRVG,235
T1112.pdb,MGETKKMICLVDGEHYFPVVKDSIEILDDLEHIDVVAVVFIGGTEKLQIEDPKEYSEKLGKPVFFGPDPKKIPYDVIKKCVKKYNADIVMDLSDEPVVDYTKRFRIASIVLKEGAVYQGADFKFEPLTEYDVLEKPSIKIIGTGKRIGKTAVSAYAARVIHKHKYNPCVVAMGRGGPREPEIVEGNKIEITAEYLLEQADKGVHAASDHWEDALMSRILTVGCRRCGGGMLGDTFITNVKRGAEIANKLDSDFVIMEGSGAAIPPVKTNRQIVTVGANQPMININNFFGPFRIGLADLVIITMCEEPMATTEKIKKVEKFIKEINPSANVIPTVFRPKPVGNVEGKKVLFATTAPKVVVGKLVNYLESKYGCDVVGVTPHLSNRPLLRRDLKKYINKADLMLTELKAAAVDVATRVAIEAGLDVVYCDNIPVVIDESYGNIDDAIIEVVEMAIDDFKNNR,460
T1114s1.pdb,MASNGHSAGQNAIDELPDISPVDGIRRRLDDPQVAEALNSLLDHADLLAVLVKGLDGFVRRGDDIANNLTSAIGELKALNAADTPIPALAALKDVDLAGLANSLATLSGGLVKATPALNAVLDSLTDQRGAEVLSALGDALVAARTSAPPAPRGVRGMWKTLRAAAKDPDVGRGVSYLIEVARVFGSKV,189
T1154.pdb,MNKLVGLLVSSLFLASILIGIAPAITTTALTPPVSAGGIQAYLLTGSGAPASGLVLFVVNVSNIQVSSSNVTNVISTVVSNIQINAKTENAQTGATTGSVTVRFPTSGYNAYYDSVDKVVFVVVSFLYPYTTTSVNIPLSYLSKYLPGLLTAQPYDETGAQVTSVSSTPFGSLIDTSTGQQILGTNPVLTSYNSYTTQANTNMQEGVVSGTLTSFTLGGQSFSGSTVPVILYAPFIFSNSPYQAGLYNPMQVNGNLGSLSSEAYYHPVIWGRALINTTLIDTYASGSVPFTFQLNYSVPGPLTINMAQLAWIASINNLPTSFTYLSYKFSNGYESFLGIISNSTQLTAGALTINPSGNFTINGKKFYVYLLVVGSTNSTTPVEYVTKLVVEYPSSTNFLPQGVTVTTSSNKYTLPVYEIGGPAGTTITLTGNWYSTPYTVQITVGSTPTLTNYVSQILLKAVAYEGINVSTTQSPYYSTAILSTPPSEISITGSSTITAQGKLTATSASATVNLLTNATLTYENIPLTQYSFNGIIVTPGYAAINGTTAMAYVIGALYNKTSDYVLSFAGSQEPMQVMNNNLTEVTTLAPFGLTLLAPSVPATETGTSPLQLEFFTVPSTSYIALVDFGLWGNLTSVTVSAYDTVNNKLSVNLGYFYGIVIPPSISTAPYNYQNFICPNNYVTVTIYDPDAVLDPYPSGSFTTSSLPLKYGNMNITGAVIFPGSSVYNPSGVFGYSNFNKGAAVTTFTYTAQSGPFSPVALTGNTNYLSQYADNNPTDNYYFIQTVNGMPVLMGGLSIVASPVSASLPSSTSSPGFMYLLPSAAQVPSPLPGMATPNYNLNIYITYKIDGATVGNNMINGLYVASQNTLIYVVPNGSFVGSNIKLTYTTTDYAVLHYFYSTGQYKVFKTVSVPNVTANLYFPSSTTPLYQLSVPLYLSEPYYGSPLPTYIGLGTNGTSLWNSPNYVLFGVSAVQQYLGFIKSISVTLSNGTTVVIPLTTSNMQTLFPQLVGQELQACNGTFQFGISITGLEKLLNLNVQQLNNSILSVTYHDYVTGETLTATTKLVALSTLSLVAKGAGVVEFLLTAYPYTGNITFAPPWFIAENVVKQPFMTYSDLQFAKTNPSAILSLSTVNITVVGLGGKASVYYNSTSGQTVITNIYGQTVATLSGNVLPTLTELAAGNGTFTGSLQFTIVPNNTVVQIPSSLTKTSFAVYTNGSLAIVLNGKAYSLGPAGLFLLPFVTYTGSAIGANATAIITVSDGVGTSTTQVPITAENFTPIRLAPFQVPAQVPLPNAPKLKYEYNGSIVITPQQQVLKIYVTSILPYPQEFQIQAFVYEASQFNVHTGSPTAAPVYFSYSAVRAYPALGIGTSVPNLLVYVQLQGISNLPAGKYVIVLSAVPFAGGPVLSEYPAQLIFTNVTLTQ,1424
T1181.pdb,DSYQQRNTRELWRRSLAEAGLTLVDGSFEEGATVTSKLDVVWHVAAGQCYAWGGTLPKTVGANSTPINTGGVSANAWVEYNSFTTNIPSGFYGGSCFPTENNRSLSVGDVIPSGVLFVRVSGNLMMLGSALTSSVTVTSFDQTVINGAHELYPASFFNEVITGWKIAQNDAQLSRLLPKAGNIYIGYSPVTVEGIFTIQGDIHLKPLLPKVTVDSRQFWLRSPRTWNDTNNEYDYTPYDIRIVGNFLFDFYRQDASFDPGVGLAMQSAGTLELSGCELQGAWNSNVTMDYGRWALANNLYSHDCGRGEIQQPDGSNRQGMAIIVGNATEAHIHHIRTRDTWASSVFMTSARPGRTLNVMIHDISINGSGGNGLRLQSEDLVTGVGGGNGTAITRVNISNVTIKNCESHGIRANFTNGSVTGAYIEACNAGIAIEGSSDVTYDNITIKNCSQPILCRYYPVVCTRLRFSNILITGHTDWAVFFLRKDGSSHTVNLGDIEFDGLTIHCTQSGSKAVMINCGLNATATSDITMKNVRIVGAFPDADGQAICQIHNARHIEVDNWNIRGVNGQPSSYLYAQAAQSLNVHRLVGVQPFGTVDRPIECVGIAGHVNIVNCSVPATTKGILYTSTPSSRYEEGNQFYNSAQPQQFPFTNAGQLRGGDVNTLTTTQLANIVATLINDMSLGKFIIR,688
T1146.pdb,MRFLWSATMLSVSLMLFAPAIFATQSHKDQAYLYLQNIYSRDNVSKLHVLSLQQRLEYFSRIFLGKPYLGGALGEGANSAYDNDPLYRFDAFDCTTYVETVAALTLSYGEAEFQKNMNVIRYQDGVVSLITRNHFTSVDWNPNVEKLGILRDVTAEIGLADVSTLQTLIDKKEWYKKQASAMVKVKDNEAKKVGGIIARTQAIRPQISALNFLSKEILTAKPDLLLRFPKAGIVNIVRKNWNVRDAIGTNLDVSHQGIIFERDGEIIFRHASYKKSSQYVVEVPLLEYVKKNFGDQTFAGLNVLSFVGGL,310
T1188.pdb,MNTISVKAMSKSSDTTEITSQSTTKLRNVMYYGDWSIWGGQGNFYPKDIPADKLTHLNFAFMDFNSSGELIYCDKDAAIGHPLGNLGVTYGDVNGGILNAFQVLKSENPNLKIGVSLGGWSKSGDFSTIAATPSIRAKFVENVMKFIKYTNMDFVDIDWEYPGDYREPDKTDNINDEGTPNASAGDKENYILLLQDLKEALNKQGKELGKVYELSVALPAGVSKIEKGIDVDKLFNIVDFANIMTYDMAGAWSTTSGHQTALYTNPNAPEEYKGLSVDESVKYYISQGAEREKIVVGAAYYTRGWEQVSDKGTDPNNPGLFGEAAVVNKDADLSPTPGALNEAPMKNGEGGRAGGVWGYNALDKLKSKYTGLKEYWDDSAKAPYLYNSETGAFFTYDNIRSIQEKAKYVKENNLGGIIGWMASQDATTNSTKRDELTTATKESLFGKEDLPKYEIKYTENDITCTVTPVKQSWGSGGVLKMSITNNEKLDESGEVLSTVETSAKTVKNMKVYIKTDGIAITGSQYPAGPVTKEGDYYVIDFGKISDGKLMKAGITFTFDLNLDKAIEDTNNIISIEVSQRMYQTSPEFNRQTIWENTNSPRNKGELEGKPIPNPLLGLDSTRTGHHHHHH,630
T1122.pdb,MGYLCNDYGYEPNVDYPNASHAGLYDRSKQPYVDTAIGPKTTIQFDHVFIKSDFKTWLAHNQDEAILLIRLYELGLLLQGRSDSFLEFYNNTTYITRTDSKQPFLNKYGKLVDTTSVTCLDIFLSVVLFALNQIDSLICDFKNTPWINLSKEHKKIYELVRGIFGICYGEKDYNRFEYCPFDANSTASALNVNATLNAKKTIELITCGLIRALIAYANLVTAFSADKTALLHEILLTKVCC,241
T1161.pdb,GPMPGKKFVARVAEARAEDVGKRVVIIPKAERAKVGIKVGDVVEVKKV,48
T1186.pdb,SAVQQKLAALEKSSGGRLGVALIDTADNTQVLYRGDERFPMCSTSKVMAAAAVLKQSETQKQLLNQPVEIKPADLVNYNPIAEKHVNGTMTLAELSAAALQYSDNTAMNKLIAQLGGPGGVTAFARAIGDETFRLDRTAPTLNTAIPGDPRDTTTPRAMAQTLRQLTLGHALGETQRAQLVTWLKGNTTGAASIRAGLPTSWTVGDKTGSGDYGTTNDIAVIWPQGRAPLVLVTYFTQPQQNAESRRDVLASAARIIAE,259
T1150.pdb,SMRIQRATRLYNEWMALYTVPVESDLQLKYKAMASSAFPFLRATFYRWMQRWPKVCAEFANAPTVLGVGDLHVENFGTWRDAEGRLVWGINDFDEAAHFPYTLDIIRLATSAILAIEENHLHLSADVACTAILEGYLESLAKGGRPYVLAEEHGWLRHLTTGELRNPEKFFHKMDALPEPEGPIPESAQVALEHLLPAKGLSYKLKRRIAGLGSLGRPRYAAIAEWEGGLVVREAKALLPSAAIWAAGLERAPEIYYQALLDRAVRCRDPFVRLEGHWIVRRLAPDCSRIELSQLPQERDEQRLLHAMGFETANVHLGSPNCIADVLPHVKRLKASQLRSAANAMVEATLDDWQKWRQDPFPEKKTTKSH,370
T1133.pdb,MAPSTPLLTVRGSEGLYMVNGPPHFTESTVFPRESGKNCKVCIFSKDGTLFAWGNGEKVNIISVTNKGLLHSFDLLKAVCLEFSPKNTVLATWQPYTTSKDGTAGIPNLQLYDVKTGTCLKSFIQKKMQNWCPSWSEDETLCARNVNNEVHFFENNNFNTIANKLHLQKINDFVLSPGPQPYKVAVYVPGSKGAPSFVRLYQYPNFAGPHAALANKSFFKADKVTMLWNKKATAVLVIASTDVDKTGASYYGEQTLHYIATNGESAVVQLPKNGPIYDVVWNSSSTEFCAVYGFMPAKATIFNLKCDPVFDFGTGPRNAAYYSPHGHILVLAGFGNLRGQMEVWDVKNYKLISKPVASDSTYFAWCPDGEHILTATCAPRLRVNNGYKIWHYTGSILHKYDVPSNAELWQVSWQPFLDGIFPAKTITYQAVPSEVPNEEPKVATAYRPPALRNKPITNSKLHEEEPPQNMKPQSGNDKPLSKTALKNQRKHEAKKAAKQEARSDKSPDLAPTPAPQSTPRNTVSQSISGDPEIDKKIKNLKKKLKAIEQLKEQAATGKQLEKNQLEKIQKETALLQELEDLELGI,585
