7WQ3_F,7WQ4_B,0.61979
6NBF_B,6NBI_B,0.57164
6NBH_B,6NBI_B,0.58185
7TYF_F,7TYI_E,0.54901
7TYI_E,7TYL_E,0.59741
7TYI_E,7TYX_B,0.57245
7TYI_E,7TZF_B,0.55147
7FIM_F,7RBT_F,0.66849
7FIM_F,7VAB_B,0.6995
7CZ5_C,7V9M_D,0.6978
6UUN_F,6UUS_E,0.65672
7RKF_C,7T6S_C,0.68936
6B3J_E,7E9H_E,0.25105
6D9H_C,7E9H_E,0.24858
6DDE_C,7E9H_E,0.2587
6DDF_C,6LML_C,0.67356
6DDF_C,7E9H_E,0.29831
6DDF_C,7WF7_D,0.69034
6E3Y_E,7E9H_E,0.28194
6K41_C,7E9H_E,0.25894
6K42_C,7E9H_E,0.32275
6KPF_C,7E9H_E,0.26425
6KPG_C,7E9H_E,0.27103
6LFM_C,7E9H_E,0.26702
6LFO_C,7E9H_E,0.25584
6LMK_C,7E9H_E,0.34121
6LML_C,6OT0_D,0.64682
6LML_C,6UUS_C,0.67226
6LML_C,6WI9_C,0.68217
6LML_C,7BB6_D,0.59068
6LML_C,7BB7_D,0.66615
6LML_C,7CKW_C,0.67041
6LML_C,7CKY_C,0.6209
6LML_C,7CKZ_C,0.65927
6LML_C,7CRH_C,0.67038
6LML_C,7D7M_C,0.62528
6LML_C,7E9G_E,0.65695
6LML_C,7E9H_E,0.35299
6LML_C,7EJ0_C,0.69571
6LML_C,7EJA_C,0.67757
6LML_C,7EO4_D,0.68413
6LML_C,7EZH_D,0.69829
6LML_C,7EZK_D,0.69417
6LML_C,7EZM_D,0.69681
6LML_C,7F2O_F,0.68887
6LML_C,7F4D_A,0.68817
6LML_C,7F4F_D,0.64181
6LML_C,7F4H_A,0.66623
6LML_C,7F8W_C,0.68301
6LML_C,7FIG_C,0.67626
6LML_C,7JOZ_C,0.66902
6LML_C,7MBY_B,0.63568
6LML_C,7MTS_E,0.69719
6LML_C,7SF7_D,0.6339
6LML_C,7V9M_F,0.67775
6LML_C,7WF7_D,0.65388
6LML_C,7WUJ_E,0.65525
6LML_C,7XTC_C,0.69312
6M1H_D,7E9H_E,0.27697
6M1I_D,7E9H_E,0.3126
6N4B_C,7CKW_C,0.69152
6N4B_C,7CKY_C,0.68306
6N4B_C,7CKZ_C,0.67952
6N4B_C,7E9H_E,0.26302
6NBF_E,7E9H_E,0.25891
6NBH_E,7E9H_E,0.28801
6NBI_E,7E9H_E,0.32189
6NI3_C,7E9H_E,0.25854
6NIY_E,7E9H_E,0.2777
6OIJ_E,7E9H_E,0.26082
6OIK_D,7E9H_E,0.25156
6ORV_C,7E9H_E,0.26044
6OS9_E,7E9H_E,0.26991
6OSA_E,7E9H_E,0.253
6OT0_D,7CKZ_C,0.69794
6OT0_D,7E9H_E,0.28803
6OT0_D,7F8W_C,0.63672
6OT0_D,7WF7_D,0.69321
6P9X_C,7E9H_E,0.3028
6P9Y_C,7E9H_E,0.31208
6PB0_E,7E9H_E,0.24542
6PB1_E,7E9H_E,0.25484
6UUN_D,7E9H_E,0.28049
6UUS_C,7E9H_E,0.28516
6UVA_C,7E9H_E,0.2767
6VCB_E,7E9H_E,0.35375
6VN7_E,7E9H_E,0.2783
6WHA_D,7CKW_C,0.65122
6WHA_D,7CKY_C,0.64367
6WHA_D,7CKZ_C,0.68242
6WHA_D,7E9H_E,0.28319
6WHA_D,7F4F_D,0.69781
6WHA_D,7F8W_C,0.68294
6WHA_D,7WUJ_E,0.67269
6WHC_C,7E9H_E,0.2954
6WHC_C,7SF7_D,0.6787
6WI9_C,7E9G_E,0.69889
6WI9_C,7E9H_E,0.30034
6WI9_C,7F1Q_D,0.68711
6WI9_C,7F1S_D,0.67788
6WI9_C,7F8V_C,0.66133
6WI9_C,7F8W_C,0.60262
6WI9_C,7WF7_D,0.66273
6WPW_C,7E9H_E,0.32571
6WZG_E,7E9H_E,0.28369
6XBJ_D,7E9H_E,0.26652
6XBK_D,7E9H_E,0.26847
6XBL_D,7E9H_E,0.26826
6XBL_D,7F8W_C,0.69227
6XBM_D,7E9H_E,0.26584
6XOX_D,7E9H_E,0.25764
7AUE_D,7CKY_C,0.69139
7AUE_D,7CKZ_C,0.68845
7AUE_D,7E9H_E,0.28191
7BB6_D,7E9H_E,0.2421
7BB6_D,7F1S_D,0.69993
7BB6_D,7F8V_C,0.66571
7BB6_D,7F8W_C,0.63739
7BB7_D,7E9H_E,0.25875
7BB7_D,7EO2_D,0.6634
7BB7_D,7EO4_D,0.68301
7BB7_D,7EW2_C,0.67965
7BB7_D,7EW3_C,0.6711
7BB7_D,7EW4_C,0.69033
7BB7_D,7F8W_C,0.6779
7BB7_D,7MTS_E,0.69842
7BB7_D,7SF7_D,0.63596
7BB7_D,7T10_D,0.69035
7BB7_D,7T11_C,0.67283
7BB7_D,7VKT_D,0.66091
7BB7_D,7WF7_D,0.5962
7BW0_D,7E9H_E,0.27493
7BW0_D,7WF7_D,0.65911
7C2E_C,7E9H_E,0.25937
7C2E_C,7F8W_C,0.69047
7CKW_C,7E9H_E,0.23467
7CKW_C,7EO4_D,0.66228
7CKW_C,7EW3_C,0.69324
7CKW_C,7EW4_C,0.68903
7CKW_C,7EW7_C,0.69905
7CKW_C,7F8W_C,0.69818
7CKW_C,7FII_C,0.6928
7CKW_C,7MTS_E,0.6455
7CKW_C,7S8O_D,0.69144
7CKW_C,7SF7_D,0.62787
7CKW_C,7T10_D,0.65636
7CKW_C,7T11_C,0.67137
7CKW_C,7UM5_D,0.69734
7CKW_C,7VKT_D,0.66672
7CKX_C,7E9H_E,0.30641
7CKX_C,7MTS_E,0.69971
7CKX_C,7SF7_D,0.66618
7CKY_C,7E9H_E,0.24104
7CKY_C,7EO4_D,0.65725
7CKY_C,7EW3_C,0.68275
7CKY_C,7EW4_C,0.68092
7CKY_C,7EW7_C,0.69205
7CKY_C,7F8W_C,0.68728
7CKY_C,7FII_C,0.67956
7CKY_C,7MTS_E,0.65232
7CKY_C,7S8O_D,0.67061
7CKY_C,7S8P_C,0.69242
7CKY_C,7SF7_D,0.6251
7CKY_C,7T10_D,0.65716
7CKY_C,7T11_C,0.66932
7CKY_C,7UM5_D,0.68321
7CKY_C,7V35_C,0.69028
7CKY_C,7VKT_D,0.65068
7CKZ_C,7E9H_E,0.24461
7CKZ_C,7EO4_D,0.64965
7CKZ_C,7EW0_C,0.69416
7CKZ_C,7EW2_C,0.69197
7CKZ_C,7EW3_C,0.6765
7CKZ_C,7EW4_C,0.67921
7CKZ_C,7EW7_C,0.68603
7CKZ_C,7F8W_C,0.68111
7CKZ_C,7FII_C,0.67539
7CKZ_C,7MTS_E,0.66138
7CKZ_C,7S8L_E,0.69828
7CKZ_C,7S8N_C,0.6996
7CKZ_C,7S8O_D,0.68128
7CKZ_C,7S8P_C,0.68873
7CKZ_C,7SF7_D,0.60578
7CKZ_C,7T10_D,0.6578
7CKZ_C,7T11_C,0.6519
7CKZ_C,7UM5_D,0.67962
7CKZ_C,7VKT_D,0.64449
7CKZ_C,7WF7_D,0.69712
7CMU_C,7E9H_E,0.26224
7CMV_C,7E9H_E,0.28104
7CRH_C,7E9H_E,0.24693
7CX2_D,7E9H_E,0.28717
7CX3_D,7E9H_E,0.33763
7CX4_D,7E9H_E,0.29313
7CZ5_E,7E9H_E,0.25509
7D68_C,7E9H_E,0.3191
7D76_C,7E9H_E,0.26097
7D77_C,7E9H_E,0.26756
7D7M_C,7E9H_E,0.25492
7D7M_C,7F8V_C,0.69964
7D7M_C,7F8W_C,0.66936
7D7M_C,7WF7_D,0.69093
7DTY_E,7E9H_E,0.23215
7DW9_D,7E9H_E,0.25911
7E14_C,7E9H_E,0.26189
7E2X_C,7E9H_E,0.26234
7E2Y_C,7E9H_E,0.29536
7E2Z_C,7E9H_E,0.26022
7E32_D,7E9H_E,0.27058
7E32_D,7WF7_D,0.68814
7E33_D,7E9H_E,0.27075
7E33_D,7SF7_D,0.69375
7E33_D,7WF7_D,0.66539
7E9G_E,7E9H_E,0.34953
7E9G_E,7SF7_D,0.64307
7E9H_E,7EB2_C,0.25571
7E9H_E,7EIB_E,0.27505
7E9H_E,7EJ0_C,0.26
7E9H_E,7EJ8_C,0.26398
7E9H_E,7EJA_C,0.30075
7E9H_E,7EJK_C,0.26388
7E9H_E,7EJX_D,0.2622
7E9H_E,7EO2_D,0.24612
7E9H_E,7EO4_D,0.31818
7E9H_E,7EVY_C,0.25752
7E9H_E,7EVZ_C,0.25796
7E9H_E,7EW0_C,0.26393
7E9H_E,7EW1_B,0.26682
7E9H_E,7EW2_C,0.29136
7E9H_E,7EW3_C,0.26608
7E9H_E,7EW4_C,0.29596
7E9H_E,7EW7_C,0.26581
7E9H_E,7EXD_C,0.24522
7E9H_E,7EZH_D,0.26322
7E9H_E,7EZK_D,0.2605
7E9H_E,7EZM_D,0.24122
7E9H_E,7F16_E,0.24779
7E9H_E,7F1Q_D,0.31349
7E9H_E,7F1R_D,0.34693
7E9H_E,7F1S_D,0.33689
7E9H_E,7F2O_F,0.26261
7E9H_E,7F4D_A,0.27108
7E9H_E,7F4F_D,0.25761
7E9H_E,7F4H_A,0.24998
7E9H_E,7F4I_A,0.27529
7E9H_E,7F53_C,0.28117
7E9H_E,7F54_C,0.27364
7E9H_E,7F55_C,0.2737
7E9H_E,7F58_D,0.28897
7E9H_E,7F8V_C,0.32259
7E9H_E,7F8W_C,0.33754
7E9H_E,7F9Y_D,0.25146
7E9H_E,7F9Z_E,0.25445
7E9H_E,7FIG_C,0.25686
7E9H_E,7FIH_C,0.25809
7E9H_E,7FII_C,0.25469
7E9H_E,7FIM_E,0.31093
7E9H_E,7FIN_E,0.24042
7E9H_E,7FIY_E,0.32006
7E9H_E,7JOZ_C,0.36647
7E9H_E,7JVR_D,0.25652
7E9H_E,7LD3_D,0.27501
7E9H_E,7LD4_C,0.29699
7E9H_E,7MBX_C,0.26835
7E9H_E,7MBY_B,0.25391
7E9H_E,7MTS_E,0.2545
7E9H_E,7P00_C,0.25902
7E9H_E,7P02_C,0.27363
7E9H_E,7PIU_E,0.26574
7E9H_E,7PIV_E,0.29476
7E9H_E,7RA3_D,0.26876
7E9H_E,7RBT_D,0.25749
7E9H_E,7RG9_D,0.25481
7E9H_E,7RGP_D,0.33991
7E9H_E,7S8L_E,0.27459
7E9H_E,7S8M_C,0.27037
7E9H_E,7S8N_C,0.29584
7E9H_E,7S8O_D,0.26492
7E9H_E,7S8P_C,0.28778
7E9H_E,7SBF_C,0.26642
7E9H_E,7SCG_B,0.26585
7E9H_E,7SF7_D,0.28059
7E9H_E,7SF8_D,0.27052
7E9H_E,7T10_D,0.25593
7E9H_E,7T11_C,0.30554
7E9H_E,7T6B_C,0.28414
7E9H_E,7TUZ_D,0.28765
7E9H_E,7TYF_D,0.25364
7E9H_E,7TYH_C,0.26601
7E9H_E,7TYI_C,0.25432
7E9H_E,7TYL_C,0.33341
7E9H_E,7TYN_E,0.26795
7E9H_E,7TYO_C,0.27945
7E9H_E,7TYW_F,0.29529
7E9H_E,7TYX_F,0.26412
7E9H_E,7TYY_F,0.26547
7E9H_E,7TZF_F,0.25374
7E9H_E,7U2L_C,0.26362
7E9H_E,7UM5_D,0.26791
7E9H_E,7V35_C,0.27303
7E9H_E,7V9M_F,0.26919
7E9H_E,7VKT_D,0.26583
7E9H_E,7VL8_C,0.27877
7E9H_E,7VL9_C,0.2843
7E9H_E,7VLA_C,0.27731
7E9H_E,7VUG_C,0.3
7E9H_E,7VUH_C,0.27718
7E9H_E,7VUI_C,0.25577
7E9H_E,7VUJ_C,0.25713
7E9H_E,7W2Z_C,0.2702
7E9H_E,7WF7_D,0.27121
7E9H_E,7WQ3_D,0.26883
7E9H_E,7WQ4_F,0.26593
7E9H_E,7WU2_C,0.2586
7E9H_E,7WU3_C,0.27987
7E9H_E,7WU4_C,0.2601
7E9H_E,7WU5_C,0.28183
7E9H_E,7WUJ_E,0.28618
7E9H_E,7WVU_D,0.32594
7E9H_E,7WVV_E,0.30266
7E9H_E,7WVW_E,0.30528
7E9H_E,7WVX_E,0.25808
7E9H_E,7WVY_E,0.28242
7E9H_E,7XT8_C,0.25023
7E9H_E,7XTB_C,0.28931
7E9H_E,7XTC_C,0.27024
7EO4_D,7WUJ_E,0.68154
7EZK_D,7SF7_D,0.68484
7F1Q_D,7SF7_D,0.66463
7F1R_D,7SF7_D,0.68103
7F1S_D,7SF7_D,0.68284
7F2O_F,7SF7_D,0.69677
7F4H_A,7SF7_D,0.68177
7F8V_C,7JOZ_C,0.66499
7F8V_C,7SF7_D,0.69974
7F8W_C,7JOZ_C,0.61847
7F8W_C,7MTS_E,0.68846
7F8W_C,7WF7_D,0.68182
7FII_C,7WUJ_E,0.68541
7JOZ_C,7WF7_D,0.68215
7MBY_B,7WF7_D,0.66946
7MTS_E,7WUJ_E,0.68033
7SF7_D,7WUJ_E,0.63241
7SF7_D,7WVV_E,0.67324
7SF7_D,7WVY_E,0.69837
7T10_D,7WUJ_E,0.68048
7T11_C,7WUJ_E,0.67673
7TYL_C,7WF7_D,0.66739
7VKT_D,7WUJ_E,0.69065
7WF7_D,7WUJ_E,0.68821
6E3Y_G,7TYW_A,0.63753
7KNT_A,7TYW_A,0.60239
7KNU_A,7TYF_C,0.69774
7KNU_A,7TYW_A,0.62211
7TYF_C,7TYW_A,0.57267
6UUN_C,7TYH_E,0.61459
6UUN_C,7TYY_A,0.63877
7TYH_E,7TYX_A,0.6472
7TYX_A,7TYY_A,0.68716
7VH0_D,7VH0_E,0.23141
6YVR_A,6Z4Q_A,0.58628
6YVR_A,6Z66_A,0.5932
6YVR_A,6Z8N_A,0.59077
6YVR_A,6ZA8_A,0.59562
6YVR_A,6ZIN_A,0.5843
6YVR_B,6Z4Q_A,0.58619
6YVR_B,6Z66_A,0.59356
6YVR_B,6Z8N_A,0.59137
6YVR_B,6ZA8_A,0.59607
6YVR_B,6ZIN_A,0.5842
6Z4Q_A,6Z66_A,0.62969
6Z4Q_A,6Z8N_A,0.63994
6Z4Q_A,6ZA8_A,0.63904
6Z66_A,6ZIN_A,0.6363
6Z8N_A,6ZIN_A,0.63561
6ZA8_A,6ZIN_A,0.63352
6Z4S_A,6Z4V_A,0.564
4PHU_A,5KW2_A,0.63235
5KW2_A,5TZR_A,0.62521
3ODU_A,3ODU_B,0.6899
3ODU_B,3OE8_A,0.67147
7FII_D,7FIJ_A,0.63193
7MTQ_A,7MTR_B,0.67434
7MTQ_A,7MTS_A,0.68726
7MTQ_B,7MTR_A,0.65715
7MTQ_B,7MTR_B,0.60913
7MTQ_B,7MTS_A,0.62052
7MTQ_B,7MTS_B,0.64072
7WI6_A,7WIH_A,0.64333
7WI6_A,7WIH_B,0.64332
7WI6_B,7WIH_A,0.64333
7WI6_B,7WIH_B,0.64333
